Workbook
Name BILL_TO_ADDRESS: #REF!
Name BILL_TO_ADDRESS: #REF!
Name BILL_TO_CONTACT: #REF!
Name BILL_TO_CONTACT: #REF!
Name BILL_TO_LABEL: #REF!
Name BILL_TO_LABEL: #REF!
Name BILL_TO_NAME: #REF!
Name BILL_TO_NAME: #REF!
Name BILL_TO_PHONE: #REF!
Name BILL_TO_PHONE: #REF!
Name BRS_FLOOR_ANALYSIS_LINES_TO_FORMAT0: #REF!
Name BRS_FLOOR_ANALYSIS_LINES_TO_FORMAT0: #REF!
Name BRS_FLOOR_ANALYSIS_LINES_TO_FORMAT1: #REF!
Name BRS_FLOOR_ANALYSIS_LINES_TO_FORMAT1: #REF!
Name BRS_FLOOR_ANALYSIS_SECTION: #REF!
Name BRS_FLOOR_ANALYSIS_SECTION: #REF!
Name CFG_SECTION: #REF!
Name CFG_SECTION: #REF!
Name CFG_SUBTOTAL_ALL: #REF!
Name CFG_SUBTOTAL_ALL: #REF!
Name CFG_SUBTOTAL_HW: #REF!
Name CFG_SUBTOTAL_HW: #REF!
Name CFG_SUBTOTAL_MW: #REF!
Name CFG_SUBTOTAL_MW: #REF!
Name CFG_SUBTOTAL_PS: #REF!
Name CFG_SUBTOTAL_PS: #REF!
Name CFG_SUBTOTAL_SECTION: #REF!
Name CFG_SUBTOTAL_SECTION: #REF!
Name CFG_SUBTOTAL_SW: #REF!
Name CFG_SUBTOTAL_SW: #REF!
Name CFG_TITLE_FLD_CFG_NAME: #REF!
Name CFG_TITLE_FLD_CFG_NAME: #REF!
Name CFG_TITLE_SECTION: #REF!
Name CFG_TITLE_SECTION: #REF!
Name CSI_FLD_CSI_DESCRIPTION: #REF!
Name CSI_FLD_CSI_DESCRIPTION: #REF!
Name CSI_FLD_CSI_NAME: #REF!
Name CSI_FLD_CSI_NAME: #REF!
Name CSI_FLD_CSI_SERIAL_NUMBER: #REF!
Name CSI_FLD_CSI_SERIAL_NUMBER: #REF!
Name CSI_LABEL_FORCOPY_SERIAL_NUMBER: #REF!
Name CSI_LABEL_FORCOPY_SERIAL_NUMBER: #REF!
Name CSI_LABEL_HEADERS: #REF!
Name CSI_LABEL_HEADERS: #REF!
Name CSI_LINE_HW: #REF!
Name CSI_LINE_HW: #REF!
Name CSI_LINE_MW: #REF!
Name CSI_LINE_MW: #REF!
Name CSI_LINE_PS: #REF!
Name CSI_LINE_PS: #REF!
Name CSI_LINE_SW: #REF!
Name CSI_LINE_SW: #REF!
Name CSI_SECTION_HW_ALL: #REF!
Name CSI_SECTION_HW_ALL: #REF!
Name CSI_SECTION_HW_BOT: #REF!
Name CSI_SECTION_HW_BOT: #REF!
Name CSI_SECTION_HW_TOP: #REF!
Name CSI_SECTION_HW_TOP: #REF!
Name CSI_SECTION_MW_ALL: #REF!
Name CSI_SECTION_MW_ALL: #REF!

Sheet 견적
B1: MJIT(주)엠제이아이티
B2: 경기도 성남시 중원구 사기막골로 62번길 33, 성남센터엠지식산업센터 S1207
B4: 견 적 서
B6: ㈜에이치엘클레무브 귀중 | H6: 견 적 번 호 | J6: MJ260206-001
B7: 참 조 | C7: 이재혁책임님(010-4754-5054) | H7: 견 적 일 자 | J7: 46079
B8: 견적 금액 | C8: ="一金 사천삼백오십만원정 (" & TEXT(D13, "#,##0") & "원)" -> 一金 사천삼백오십만원정 (43,500,000원) | H8: 납 기 | J8: 발주 후 4주 이내
B9: 견적명 | C9: HL_VAN 인도 ITC 법인 확장 | H9: 결 제 조 건 | J9: 현금
H10: 견적유효기간 | J10: 견적일로부터 30일
B11: 아래와 같이 견적합니다. | H11: 담 당 자 | J11: 강석남이사(010-5644-7920)
B13: 견 적 금 액 (VAT 별도) : | D13: =I25 -> 43500000
K15: (단위: 원)
B16: 종 목 | C16: 역할 | D16: 등급 | E16: 상세업무 | F16: MM | G16: 월단가 | H16: 등급 차액 | I16: 개별 할인 | J16: 등급기준 단가 | K16: 제안금액
B17: ='1. 투입공수'!B7 -> VAN ITC 시스템 개발 | C17: =B33 -> 5. IT 프로젝트 관리자 | D17: ='1. 투입공수'!D7 -> 고급 | E17: ='1. 투입공수'!U7 -> PM/AA/산출물/개발 | F17: ='1. 투입공수'!T8 -> 3 | G17: =I33 -> 18156247 | H17: 1 | I17: 0.2 | J17: =ROUNDDOWN(G17*H17-(G17*H17*I17),-3) -> 14524000 | K17: =J17*F17 -> 43572000
C18: 합계 | F18: =SUM(F17:F17) -> 3 | G18: =AVERAGE(G17:G17) -> 18156247 | H18: =AVERAGE(H17:H17) -> 1 | I18: =AVERAGE(I17:I17) -> 0.2 | J18: =AVERAGE(J17:J17) -> 14524000 | K18: =SUM(K17:K17) -> 43572000
B21: 구분 | C21: 내역 | F21: 할인률 | H21: 할인금액 | K21: 비고
B22: 할인 | H22: =K18*F22 -> 0
B25: 공 급 가 합 계(VAT별도) | I25: =ROUNDDOWN(K18-H22,-5) -> 43500000 | K25: 만원단위절사
B28: 2026년 SW기술자 노임단가 | D28: 일노임단가 | E28: 월노임단가 | F28: 제경비 | G28: 기술료 | I28: MM단가 | K28: 비고
B29: 1. IT기획자 | D29: 578206 | E29: 11853218 | F29: =E29*0.5 -> 5926609 | G29: =(E29+F29)*20% -> 3555965.4 | I29: =SUM(E29:G29) -> 21335792
B30: 2. IT컨설턴트 | D30: 522340 | E30: 10707960 | F30: =E30*0.5 -> 5353980 | G30: =(E30+F30)*20% -> 3212388 | I30: =SUM(E30:G30) -> 19274328
B31: 3. 업무분석가 | D31: 475154 | E31: 9740667 | F31: =E31*0.5 -> 4870333.5 | G31: =(E31+F31)*20% -> 2922200.1 | I31: =SUM(E31:G31) -> 17533201
B32: 4. 데이터분석사 | D32: 414600 | E32: 8499309 | F32: =E32*0.5 -> 4249654.5 | G32: =(E32+F32)*20% -> 2549792.7 | I32: =SUM(E32:G32) -> 15298756
B33: 5. IT 프로젝트 관리자 | D33: 492039 | E33: 10086804 | F33: =E33*0.5 -> 5043402 | G33: =(E33+F33)*20% -> 3026041.2 | I33: =SUM(E33:G33) -> 18156247
B34: 6. IT 아키덱트 | D34: 541621 | E34: 11103230 | F34: =E34*0.5 -> 5551615 | G34: =(E34+F34)*20% -> 3330969 | I34: =SUM(E34:G34) -> 19985814
B35: 7. UI/UX기획/개발자 | D35: 336666 | E35: 6901660 | F35: =E35*0.5 -> 3450830 | G35: =(E35+F35)*20% -> 2070498 | I35: =SUM(E35:G35) -> 12422988
B36: 8. UI/UX디자이너 | D36: 251671 | E36: 5159246 | F36: =E36*0.5 -> 2579623 | G36: =(E36+F36)*20% -> 1547773.8 | I36: =SUM(E36:G36) -> 9286642.8
B37: 9. 응용SW개발자 | D37: 378250 | E37: 7754124 | F37: =E37*0.5 -> 3877062 | G37: =(E37+F37)*20% -> 2326237.2 | I37: =SUM(E37:G37) -> 13957423
B38: 10. 시스템SW개발자 | D38: 284888 | E38: 5840196 | F38: =E38*0.5 -> 2920098 | G38: =(E38+F38)*20% -> 1752058.8 | I38: =SUM(E38:G38) -> 10512353
B39: 11. 정보시스템운용자 | D39: 519469 | E39: 10649117 | F39: =E39*0.5 -> 5324558.5 | G39: =(E39+F39)*20% -> 3194735.1 | I39: =SUM(E39:G39) -> 19168411
B40: 12. IT지원기술자 | D40: 252196 | E40: 5170016 | F40: =E40*0.5 -> 2585008 | G40: =(E40+F40)*20% -> 1551004.8 | I40: =SUM(E40:G40) -> 9306028.8
... B45: 17. 정보보안전문가 | D45: 507887 | E45: 10411680 | F45: =E45*0.5 -> 5205840 | G45: =(E45+F45)*20% -> 3123504 | I45: =SUM(E45:G45) -> 18741024
B47: 비 고
C48: 1. 본 견적은 상기 고객사에만 적용됩니다.
C49: 2. 결제조건 : 고객사 지급조건에 따릅니다.
K53: (주)엠제이아이티
K54: 대표이사 김 미 정

Sheet 1. 투입공수
B2: 별첨1. 투입공수
B3: 구분 | C3: 역할/업무 | D3: 등급 | E3: 학력 | F3: 경력 | G3: 투입인력 | H3: 2026년 | T3: 총합 (M/M) | U3: 상세업무
H4: 분석/설계 | K4: 개발 | P4: 안정화
H5: 5월 | L5: 6월 | P5: 7월
H6: 1주 | I6: 2주 | J6: 3주 | K6: 4주 | L6: 1주 | M6: 2주 | N6: 3주 | O6: 4주 | P6: 1주 | Q6: 2주 | R6: 3주 | S6: 4주
B7: VAN ITC 시스템 개발 | C7: =견적!B33 -> 5. IT 프로젝트 관리자 | D7: 고급 | E7: - | F7: - | G7: TBD | H7: 0.25 | I7: 0.25 | J7: 0.25 | K7: 0.25 | L7: 0.25 | M7: 0.25 | N7: 0.25 | O7: 0.25 | P7: 0.25 | Q7: 0.25 | R7: 0.25 | S7: 0.25 | T7: =SUM(H7:S7) -> 3 | U7: PM/AA/산출물/개발
B8: 합계 | H8: =SUM(H7:H7) -> 0.25 | I8: =SUM(I7:I7) -> 0.25 | J8: =SUM(J7:J7) -> 0.25 | K8: =SUM(K7:K7) -> 0.25 | L8: =SUM(L7:L7) -> 0.25 | M8: =SUM(M7:M7) -> 0.25 | N8: =SUM(N7:N7) -> 0.25 | O8: =SUM(O7:O7) -> 0.25 | ... S8: =SUM(S7:S7) -> 0.25 | T8: =SUM(H8:S8) -> 3
B10: ="* 프로젝트 분석/설계 공수 = " & SUM(H7:J7) &", 개발 공수 = " & SUM(K7:O7) & ", 안정화 = " & SUM(P7:S7) -> * 프로젝트 분석/설계 공수 = 0.75, 개발 공수 = 1.25, 안정화 = 1
B11: * 투입인력에 대한 투입일정은 고객사와 협의하여 변동 가능합니다.

Sheet 2. 공수산정근거
B2: 별첨2. 공수 산정 근거
B3: 구분 | C3: 메뉴명 | D3: 추가 내용 | E3: 예상 페이지 수 | F3: 기술 배수 | G3: 기술 적용 공수
B4: ITC 기준 데이터 구성 | E4: 1 | F4: 1.8 | G4: =E4*F4 -> 1.8
B5: 메인 | C5: 로그인 | E5: 1 | F5: 0.6 | G5: =E5*F5 -> 0.6
C6: 메인 | E6: 1 | F6: 0.6 | G6: =E6*F6 -> 0.6
C7: 메인 공지사항 팝업 | E7: 1 | F7: 0.6 | G7: =E7*F7 -> 0.6
B8: 비수불발주관리 | C8: 발주관리 〉 발주현황(비수불) | E8: 1 | F8: 0.6 | G8: =E8*F8 -> 0.6
C9: 발주관리 〉 발주현황(비수불) 〉 PO RELEASE(비수불) | E9: 1 | F9: 0.6 | G9: =E9*F9 -> 0.6
C10: 발주관리 〉 발주현황(비수불) 〉 PO RELEASE(비수불) 상세 | E10: 1 | F10: 0.6 | G10: =E10*F10 -> 0.6
C11: 발주관리 〉 발주현황(비수불) 〉 입고등록(비수불) | E11: 1 | F11: 0.6 | G11: =E11*F11 -> 0.6
C12: 입고관리 〉 입고현황/취소(비수불) | E12: 1 | F12: 0.6 | G12: =E12*F12 -> 0.6
C13: 입고관리 〉 입고현황/취소(비수불) 〉 입고문서취소(비수불) | E13: 1 | F13: 0.6 | G13: =E13*F13 -> 0.6
C14: 입고관리 〉 입고현황/취소(비수불) 〉 입고취소현황(비수불) | E14: 1 | F14: 0.6 | G14: =E14*F14 -> 0.6
C15: 납품관리 〉 기간별납품현황(비수불) | E15: 1 | F15: 0.6 | G15: =E15*F15 -> 0.6
B16: [업체] 비수불발주관리 | C16: 발주관리 〉 발주현황(비수불) | E16: 1 | F16: 0.6 | G16: =E16*F16 -> 0.6
C17: 납품관리 〉 기간별납품현황(비수불) | E17: 1 | F17: 0.6 | G17: =E17*F17 -> 0.6
B18: 시스템관리 | C18: 시스템 〉 권한관리 | E18: 1 | F18: 0.6 | G18: =E18*F18 -> 0.6
C19: 시스템 〉 메뉴관리 | E19: 1 | F19: 0.6 | G19: =E19*F19 -> 0.6
C20: 시스템 〉 다국어 관리 | E20: 1 | F20: 0.6 | G20: =E20*F20 -> 0.6
C21: 시스템 〉 JOB | E21: 1 | F21: 0.6 | G21: =E21*F21 -> 0.6
C22: 시스템 〉 사용자관리 | E22: 1 | F22: 0.6 | G22: =E22*F22 -> 0.6
C23: 시스템 〉 템플릿 관리 | E23: 1 | F23: 0.6 | G23: =E23*F23 -> 0.6
C24: 시스템 〉 메일 로그 | E24: 1 | F24: 0.6 | G24: =E24*F24 -> 0.6
C25: 기준정보관리 〉 코드관리 | E25: 1 | F25: 0.6 | G25: =E25*F25 -> 0.6
C26: 공지사항 〉 공지사항 | E26: 1 | F26: 0.6 | G26: =E26*F26 -> 0.6
C27: 공지사항 〉 공지사항 상세 | E27: 1 | F27: 0.6 | G27: =E27*F27 -> 0.6
C28: 공지사항 〉 공지사항 상세 〉 공지사항 메일전송 | E28: 1 | F28: 0.6 | G28: =E28*F28 -> 0.6
B29: 기타 | C29: ITC 전용 펑션 / 프로시저 생성 | E29: 1 | F29: 0.6 | G29: =E29*F29 -> 0.6
C30: JOB 확장 | D30: 기존 KLI JOB 확장 | E30: 1 | F30: 0.6 | G30: =E30*F30 -> 0.6
B31: 토탈 | E31: =SUM(E6:E30) -> 25 | G31: =SUM(G4:G30) -> 17.4
B33: ="* 표준 가이드에 의해 1M 17Page = " & ROUNDUP(G31,3) &" /17 = " & ROUNDDOWN((G31/17),2) & "M/M" -> * 표준 가이드에 의해 1M 17Page = 17.4 /17 = 1.02M/M
B34: * 기존 구성 을 그대로 이관 하는 형태로 모든 페이지의 기술 배수를 0.6로 산정.
B35: * 노란색 표기부분은 신규 개발 화면 으로 구분됨.

Sheet 3. 개발일정
B2: 별첨3. 개발 일정
B3: 구분 | C3: 5월 | G3: 6월 | K3: 7월
C4: 1W | D4: 2W | E4: 3W | F4: 4W | G4: 1W | H4: 2W | I4: 3W | J4: 4W | K4: 1W | L4: 2W | M4: 3W | N4: 4W
B5: 주요 사항 | C5: Kick off | E5: 요구사항 컴펌 | J5: 오픈 | N5: 완료
B6: 분석/설계 | C6: 요구사항정의
B9: 개발 | F9: 소스개발
B12: 통합테스트 | I12: 통합테스트
B15: 안정화 | K15: 매뉴얼
